{"cameraMode":{"drawMode":0,"name":"Shaded","section":"Shading Mode"},"sceneLighting":false,"audioPlay":false,"sceneViewState":{"showFog":true,"showMaterialUpdate":false,"showSkybox":false,"showFlares":true,"showImageEffects":true,"showParticleSystems":true},"in2DMode":false,"pivot":{"x":-6.111394882202148,"y":1.836197018623352,"z":-5.0819597244262699},"rotation":{"x":0.4919951260089874,"y":0.17813074588775636,"z":-0.10359343886375427,"w":0.8458645939826965},"size":0.18783210217952729,"orthographic":false}