{"cameraMode":{"drawMode":0,"name":"Shaded","section":"Shading Mode"},"sceneLighting":true,"audioPlay":false,"sceneViewState":{"showFog":true,"showMaterialUpdate":false,"showSkybox":true,"showFlares":true,"showImageEffects":true,"showParticleSystems":true},"in2DMode":false,"pivot":{"x":-4.503847122192383,"y":-0.7038249969482422,"z":-0.9771413803100586},"rotation":{"x":0.3664715886116028,"y":0.14067551493644715,"z":-0.05614441633224487,"w":0.9180272221565247},"size":10.0,"orthographic":false}