{"cameraMode":{"drawMode":0,"name":"Shaded","section":"Shading Mode"},"sceneLighting":false,"audioPlay":false,"sceneViewState":{"showFog":true,"showMaterialUpdate":false,"showSkybox":false,"showFlares":true,"showImageEffects":true,"showParticleSystems":true},"in2DMode":false,"pivot":{"x":-0.7848151922225952,"y":1.9050922393798829,"z":-8.833407402038575},"rotation":{"x":-0.28286242485046389,"y":0.01412615180015564,"z":-0.004163321107625961,"w":-0.9590437412261963},"size":0.04330102354288101,"orthographic":false}