{"cameraMode":{"drawMode":0,"name":"Shaded","section":"Shading Mode"},"sceneLighting":false,"audioPlay":false,"sceneViewState":{"showFog":true,"showMaterialUpdate":false,"showSkybox":false,"showFlares":true,"showImageEffects":true,"showParticleSystems":true},"in2DMode":false,"pivot":{"x":-0.5153540372848511,"y":1.853258728981018,"z":-8.095219612121582},"rotation":{"x":-0.12956753373146058,"y":-0.8199104070663452,"z":0.2048315852880478,"w":-0.518650472164154},"size":0.16550257802009583,"orthographic":false}