{"cameraMode":{"drawMode":0,"name":"Shaded","section":"Shading Mode"},"sceneLighting":false,"audioPlay":false,"sceneViewState":{"showFog":true,"showMaterialUpdate":false,"showSkybox":false,"showFlares":true,"showImageEffects":true,"showParticleSystems":true},"in2DMode":false,"pivot":{"x":-0.6310567855834961,"y":1.9892040491104127,"z":-7.567842960357666},"rotation":{"x":0.32261356711387637,"y":-0.5533411502838135,"z":0.24533560872077943,"w":0.7276899814605713},"size":1.1256434917449952,"orthographic":false}