{"cameraMode":{"drawMode":0,"name":"Shaded","section":"Shading Mode"},"sceneLighting":false,"audioPlay":false,"sceneViewState":{"showFog":true,"showMaterialUpdate":false,"showSkybox":false,"showFlares":true,"showImageEffects":true,"showParticleSystems":true},"in2DMode":false,"pivot":{"x":-0.5239999890327454,"y":1.8413476943969727,"z":-9.574577331542969},"rotation":{"x":0.023062527179718019,"y":0.8920876979827881,"z":-0.04580897465348244,"w":0.4489443302154541},"size":0.5767741203308106,"orthographic":false}